图片名称,错误类型,真实类别,预测类别,标注坐标,预测坐标
-10min-Clipchamp-_mp4-0009_jpg.rf.23f888e7dc4b41b38c747440d5eab4c3.jpg,漏检,1,[],"[0.3390625, 0.6265625, 0.678125, 0.596875]",[]
-10min-Clipchamp-_mp4-0012_jpg.rf.8b66f24acfd92b6ceb198900cafc7ec4.jpg,漏检,1,[],"[0.5, 0.7046875, 1.0, 0.565625]",[]
-10min-Clipchamp-_mp4-0110_jpg.rf.21d396f0823a79967d321a16f83ff18b.jpg,漏检,1,[],"[0.45703125, 0.4359375, 0.9140625, 0.540625]",[]
-10min-Clipchamp-_mp4-0173_jpg.rf.99b4a7e0af453e53a3dc616ad9795240.jpg,漏检,1,[],"[0.70703125, 0.46796875, 0.5859375, 0.9359375]",[]
-10min-Clipchamp-_mp4-0206_jpg.rf.5d7e9c0e2c992ff84f3daf7b691da988.jpg,漏检,1,[],"[0.625, 0.4671875, 0.75, 0.934375]",[]
-10min-Clipchamp-_mp4-0310_jpg.rf.5975a8b68ff1b2e062fc3f817633717a.jpg,漏检,0,[],"[0.21328125, 0.5, 0.4265625, 1.0]",[]
-10min-Clipchamp-_mp4-0310_jpg.rf.5975a8b68ff1b2e062fc3f817633717a.jpg,漏检,2,[],"[0.34140625, 0.0375, 0.2828125, 0.075]",[]
-10min-Clipchamp-_mp4-0331_jpg.rf.c2ab78a2263ac38550edcae828bd7636.jpg,漏检,0,[],"[0.3125, 0.7109375, 0.625, 0.578125]",[]
-10min-Clipchamp-_mp4-0331_jpg.rf.c2ab78a2263ac38550edcae828bd7636.jpg,漏检,1,[],"[0.5, 0.49375, 1.0, 0.36875]",[]
-10min-Clipchamp-_mp4-0380_jpg.rf.8d0ab7816ac12245acd1de77db4914b0.jpg,漏检,0,[],"[0.496875, 0.784375, 0.9375, 0.43125]",[]
-10min-Clipchamp-_mp4-0380_jpg.rf.8d0ab7816ac12245acd1de77db4914b0.jpg,漏检,0,[],"[0.196875, 0.2734375, 0.39375, 0.546875]",[]
-10min-Clipchamp-_mp4-0380_jpg.rf.8d0ab7816ac12245acd1de77db4914b0.jpg,漏检,0,[],"[0.615625, 0.27578125, 0.63125, 0.5515625]",[]
-10min-Clipchamp-_mp4-0390_jpg.rf.9fe8c638bbd281234150c80bebf9b69f.jpg,漏检,0,[],"[0.2640625, 0.1828125, 0.471875, 0.365625]",[]
-10min-Clipchamp-_mp4-0390_jpg.rf.9fe8c638bbd281234150c80bebf9b69f.jpg,漏检,0,[],"[0.63203125, 0.18203125, 0.4453125, 0.3640625]",[]
-10min-Clipchamp-_mp4-0390_jpg.rf.9fe8c638bbd281234150c80bebf9b69f.jpg,漏检,0,[],"[0.5390625, 0.60234375, 0.703125, 0.4734375]",[]
-10min-Clipchamp-_mp4-0390_jpg.rf.9fe8c638bbd281234150c80bebf9b69f.jpg,漏检,0,[],"[0.0828125, 0.5, 0.165625, 1.0]",[]
-15min-Clipchamp-_mp4-0303_jpg.rf.aa7dea28bdd87b07f8651e679fb69540.jpg,漏检,2,[],"[0.64921875, 0.6, 0.5421875, 0.8]",[]
-15min-Clipchamp-_mp4-0303_jpg.rf.aa7dea28bdd87b07f8651e679fb69540.jpg,漏检,2,[],"[0.8671875, 0.14921875, 0.265625, 0.2984375]",[]
-15min-Clipchamp-_mp4-0778_jpg.rf.69ac94c9957dc82a3fec18f17c6bab27.jpg,漏检,1,[],"[0.48828125, 0.55703125, 0.3328125, 0.8328125]",[]
-15min-Clipchamp-_mp4-0778_jpg.rf.69ac94c9957dc82a3fec18f17c6bab27.jpg,漏检,1,[],"[0.85703125, 0.29140625, 0.2859375, 0.4578125]",[]
-15min-Clipchamp-_mp4-0782_jpg.rf.6a26de40533fba214cc9bea600cd737b.jpg,漏检,1,[],"[0.7125, 0.2328125, 0.575, 0.465625]",[]
-15min-Clipchamp-_mp4-0782_jpg.rf.6a26de40533fba214cc9bea600cd737b.jpg,漏检,1,[],"[0.61015625, 0.69296875, 0.3765625, 0.4484375]",[]
-15min-Clipchamp-_mp4-0960_jpg.rf.df74beeca17b0ca81355b940657a7b30.jpg,漏检,1,[],"[0.68125, 0.546875, 0.6375, 0.90625]",[]
-15min-Clipchamp-_mp4-0992_jpg.rf.c135c0355db42a7f75d86556fd49158d.jpg,漏检,1,[],"[0.5, 0.7203125, 1.0, 0.559375]",[]
-1min-Clipchamp-_mp4-0011_jpg.rf.7b81cefbb8449d0626bf1c7c049c7f43.jpg,漏检,2,[],"[0.80625, 0.5, 0.3875, 1.0]",[]
-1min-Clipchamp-_mp4-0011_jpg.rf.7b81cefbb8449d0626bf1c7c049c7f43.jpg,漏检,2,[],"[0.1359375, 0.47265625, 0.271875, 0.6140625]",[]
-1min-Clipchamp-_mp4-0011_jpg.rf.7b81cefbb8449d0626bf1c7c049c7f43.jpg,漏检,1,[],"[0.76953125, 0.43046875, 0.4609375, 0.8609375]",[]
-1min-Clipchamp-_mp4-0096_jpg.rf.c6b236dfc4069d7f640257da53374e25.jpg,漏检,0,[],"[0.49921875, 0.5, 0.7796875, 1.0]",[]
-1min-Clipchamp-_mp4-0128_jpg.rf.838f3b4bcc3fa2eaf59919ffd87fbc7a.jpg,漏检,0,[],"[0.46484375, 0.340625, 0.7984375, 0.68125]",[]
-1min-Clipchamp-_mp4-0165_jpg.rf.fff12af0eea733623fe195898e3d4f0d.jpg,漏检,1,[],"[0.3265625, 0.45546875, 0.521875, 0.9109375]",[]
-1min-Clipchamp-_mp4-0173_jpg.rf.f67380dbe3b9274dcea8c0ce3ea25f13.jpg,漏检,1,[],"[0.4109375, 0.596875, 0.478125, 0.80625]",[]
-20min-Clipchamp-_mp4-0050_jpg.rf.3f8956330287a784205964a168e6516d.jpg,漏检,1,[],"[0.3734375, 0.60546875, 0.746875, 0.7890625]",[]
-20min-Clipchamp-_mp4-0050_jpg.rf.3f8956330287a784205964a168e6516d.jpg,漏检,1,[],"[0.734375, 0.5, 0.53125, 1.0]",[]
-20min-Clipchamp-_mp4-0069_jpg.rf.d654cefd988b6160e09df40d35508a25.jpg,漏检,1,[],"[0.65625, 0.5, 0.6875, 1.0]",[]
-20min-Clipchamp-_mp4-0072_jpg.rf.6cfa5bb79b3c36f93804ee9f6af548a0.jpg,漏检,1,[],"[0.57109375, 0.5, 0.8578125, 1.0]",[]
-20min-Clipchamp-_mp4-0075_jpg.rf.5a34a9c9a295ab53e7050fdf58814e3f.jpg,漏检,1,[],"[0.11953125, 0.346875, 0.2390625, 0.39375]",[]
-20min-Clipchamp-_mp4-0075_jpg.rf.5a34a9c9a295ab53e7050fdf58814e3f.jpg,漏检,1,[],"[0.5696562499999999, 0.38932812500000014, 0.17578124999999983, 0.27343750000000006]",[]
-20min-Clipchamp-_mp4-0075_jpg.rf.5a34a9c9a295ab53e7050fdf58814e3f.jpg,漏检,1,[],"[0.87890625, 0.421875, 0.2421875, 0.84375]",[]
-20min-Clipchamp-_mp4-0077_jpg.rf.cbfc34473f8c71ca05797c58e7a5e77d.jpg,漏检,1,[],"[0.7109375, 0.41171875, 0.578125, 0.8234375]",[]
-20min-Clipchamp-_mp4-0079_jpg.rf.c8016a52cf911415590f0b2f4daad9fb.jpg,漏检,1,[],"[0.715625, 0.5, 0.56875, 1.0]",[]
-20min-Clipchamp-_mp4-0362_jpg.rf.765cf679a49bd7de68c10a3c8848875e.jpg,漏检,2,[],"[0.0796875, 0.390625, 0.159375, 0.78125]",[]
-20min-Clipchamp-_mp4-0362_jpg.rf.765cf679a49bd7de68c10a3c8848875e.jpg,漏检,2,[],"[0.33515625, 0.31328125, 0.1765625, 0.6265625]",[]
-20min-Clipchamp-_mp4-0362_jpg.rf.765cf679a49bd7de68c10a3c8848875e.jpg,漏检,2,[],"[0.94921875, 0.28515625, 0.1015625, 0.5703125]",[]
-3min-Clipchamp-_mp4-0071_jpg.rf.3f288c3ece9906b3dca5fa97643339d9.jpg,漏检,2,[27],"[0.06171875, 0.44140625, 0.1234375, 0.8828125]","[[0.46528682, 0.6891392, 0.3813351, 0.6172382]]"
-3min-Clipchamp-_mp4-0071_jpg.rf.3f288c3ece9906b3dca5fa97643339d9.jpg,漏检,0,[27],"[0.7115937500000001, 0.8828125, 0.1627656250000001, 0.1979218750000001]","[[0.46528682, 0.6891392, 0.3813351, 0.6172382]]"
-3min-Clipchamp-_mp4-0097_jpg.rf.4ad673fb47f7239fe38b338fd838db05.jpg,漏检,1,[],"[0.56875, 0.29765625, 0.28125, 0.5953125]",[]
-3min-Clipchamp-_mp4-0108_jpg.rf.3077d4d6084643636646de7ab9a8e359.jpg,漏检,1,[],"[0.39765625, 0.46796875, 0.4828125, 0.9359375]",[]
-3min-Clipchamp-_mp4-0129_jpg.rf.a37caecbbf60efcf3e83b7debcdfec10.jpg,漏检,2,[],"[0.3140625, 0.77578125, 0.378125, 0.4484375]",[]
-3min-Clipchamp-_mp4-0129_jpg.rf.a37caecbbf60efcf3e83b7debcdfec10.jpg,漏检,1,[],"[0.7328125, 0.25, 0.440625, 0.5]",[]
-3min-Clipchamp-_mp4-0129_jpg.rf.a37caecbbf60efcf3e83b7debcdfec10.jpg,漏检,1,[],"[0.12421875, 0.3734375, 0.2484375, 0.746875]",[]
-3min-Clipchamp-_mp4-0156_jpg.rf.9e2691dcec35e43b8fce14ba5e798194.jpg,漏检,0,[27],"[0.587890625, 0.20832812499999998, 0.29557812500000014, 0.4010468749999999]","[[0.38574344, 0.781931, 0.45849714, 0.43281698]]"
-3min-Clipchamp-_mp4-0156_jpg.rf.9e2691dcec35e43b8fce14ba5e798194.jpg,漏检,2,[27],"[0.21159374999999994, 0.399734375, 0.23046875, 0.5026093749999999]","[[0.38574344, 0.781931, 0.45849714, 0.43281698]]"
-3min-Clipchamp-_mp4-0156_jpg.rf.9e2691dcec35e43b8fce14ba5e798194.jpg,漏检,2,[27],"[0.6671875, 0.525, 0.196875, 0.25]","[[0.38574344, 0.781931, 0.45849714, 0.43281698]]"
-3min-Clipchamp-_mp4-0378_jpg.rf.1ddcce3e710f101ed6305719a8240399.jpg,漏检,2,[],"[0.2578125, 0.375, 0.515625, 0.75]",[]
-3min-Clipchamp-_mp4-0379_jpg.rf.e05eae0198432081c5f4d995530f9e25.jpg,漏检,2,[],"[0.25078125, 0.3609375, 0.5015625, 0.721875]",[]
-3min-Clipchamp-_mp4-0381_jpg.rf.5c180312dab05db202f89cc5be118273.jpg,漏检,2,[],"[0.22578125, 0.3421875, 0.3859375, 0.684375]",[]
-40min-Clipchamp-_mp4-0013_jpg.rf.bf80d4e87349fe2692a84599d7aea519.jpg,漏检,1,[],"[0.375, 0.68984375, 0.3625, 0.6203125]",[]
-40min-Clipchamp-_mp4-0019_jpg.rf.d66803861fd871b5babf31ff33b29cc8.jpg,漏检,1,[],"[0.85390625, 0.70546875, 0.2921875, 0.5890625]",[]
-40min-Clipchamp-_mp4-0024_jpg.rf.edc2ce1f6cbf7f1e622eddec7acd19dd.jpg,漏检,2,[],"[0.13984375, 0.79765625, 0.2796875, 0.4046875]",[]
-40min-Clipchamp-_mp4-0024_jpg.rf.edc2ce1f6cbf7f1e622eddec7acd19dd.jpg,漏检,2,[],"[0.43984375, 0.89375, 0.2921875, 0.2125]",[]
-40min-Clipchamp-_mp4-0024_jpg.rf.edc2ce1f6cbf7f1e622eddec7acd19dd.jpg,漏检,1,[],"[0.85078125, 0.6625, 0.2984375, 0.675]",[]
-40min-Clipchamp-_mp4-0024_jpg.rf.edc2ce1f6cbf7f1e622eddec7acd19dd.jpg,漏检,2,[],"[0.94765625, 0.5234375, 0.1046875, 0.303125]",[]
-40min-Clipchamp-_mp4-0024_jpg.rf.edc2ce1f6cbf7f1e622eddec7acd19dd.jpg,漏检,1,[],"[0.44465624999999986, 0.5071562500000001, 0.4362031249999999, 0.9362031249999998]",[]
-40min-Clipchamp-_mp4-0036_jpg.rf.03bb49db0d66356452e81ae73c0f1014.jpg,漏检,2,[],"[0.2359375, 0.78046875, 0.384375, 0.4390625]",[]
-40min-Clipchamp-_mp4-0036_jpg.rf.03bb49db0d66356452e81ae73c0f1014.jpg,漏检,1,[],"[0.72109375, 0.61171875, 0.5578125, 0.5671875]",[]
-40min-Clipchamp-_mp4-0100_jpg.rf.3b3a917fdcbdca0617e4e878dc01f60b.jpg,漏检,2,[],"[0.3421875, 0.721875, 0.2625, 0.55625]",[]
-40min-Clipchamp-_mp4-0100_jpg.rf.3b3a917fdcbdca0617e4e878dc01f60b.jpg,漏检,2,[],"[0.87890625, 0.4765625, 0.2421875, 0.171875]",[]
-40min-Clipchamp-_mp4-0100_jpg.rf.3b3a917fdcbdca0617e4e878dc01f60b.jpg,漏检,1,[],"[0.615234375, 0.63671875, 0.27214062500000014, 0.7005156249999999]",[]
-40min-Clipchamp-_mp4-0252_jpg.rf.683fe2c38594e4a6446805d5cb705d42.jpg,漏检,2,[],"[0.3203125, 0.4828125, 0.640625, 0.409375]",[]
-40min-Clipchamp-_mp4-0252_jpg.rf.683fe2c38594e4a6446805d5cb705d42.jpg,漏检,2,[],"[0.171875, 0.15625, 0.34375, 0.20625]",[]
-40min-Clipchamp-_mp4-0252_jpg.rf.683fe2c38594e4a6446805d5cb705d42.jpg,漏检,2,[],"[0.7578125, 0.90703125, 0.184375, 0.1859375]",[]
-40min-Clipchamp-_mp4-0371_jpg.rf.3885464905db0184f5484a736be56109.jpg,漏检,2,[],"[0.0859375, 0.89296875, 0.171875, 0.2140625]",[]
-40min-Clipchamp-_mp4-0371_jpg.rf.3885464905db0184f5484a736be56109.jpg,漏检,2,[],"[0.06328125, 0.65078125, 0.1265625, 0.2109375]",[]
-40min-Clipchamp-_mp4-0371_jpg.rf.3885464905db0184f5484a736be56109.jpg,漏检,1,[],"[0.50078125, 0.30234375, 0.2953125, 0.6046875]",[]
-40min-Clipchamp-_mp4-0375_jpg.rf.df974e621294dd5e37d0abd939796339.jpg,漏检,2,[0],"[0.171875, 0.7421875, 0.253125, 0.515625]","[[0.49982548, 0.5008408, 0.99472636, 0.99213487]]"
-40min-Clipchamp-_mp4-0375_jpg.rf.df974e621294dd5e37d0abd939796339.jpg,漏检,2,[0],"[0.7428437500000001, 0.354171875, 0.10026562500000011, 0.1953125]","[[0.49982548, 0.5008408, 0.99472636, 0.99213487]]"
-40min-Clipchamp-_mp4-0375_jpg.rf.df974e621294dd5e37d0abd939796339.jpg,漏检,1,[0],"[0.51484375, 0.23984375, 0.2390625, 0.4796875]","[[0.49982548, 0.5008408, 0.99472636, 0.99213487]]"
-40min-Clipchamp-_mp4-0375_jpg.rf.df974e621294dd5e37d0abd939796339.jpg,漏检,1,[0],"[0.8578125, 0.08828125, 0.284375, 0.1765625]","[[0.49982548, 0.5008408, 0.99472636, 0.99213487]]"
-40min-Clipchamp-_mp4-1207_jpg.rf.d9926241d7922123a0b8fbc4d8e7d987.jpg,漏检,2,[],"[0.253125, 0.50546875, 0.50625, 0.9109375]",[]
-40min-Clipchamp-_mp4-1207_jpg.rf.d9926241d7922123a0b8fbc4d8e7d987.jpg,漏检,2,[],"[0.9046875, 0.465625, 0.190625, 0.265625]",[]
-40min-Clipchamp-_mp4-1207_jpg.rf.d9926241d7922123a0b8fbc4d8e7d987.jpg,漏检,2,[],"[0.9421875, 0.72734375, 0.115625, 0.1234375]",[]
-40min-Clipchamp-_mp4-1207_jpg.rf.d9926241d7922123a0b8fbc4d8e7d987.jpg,漏检,1,[],"[0.72265625, 0.300125, 0.34635937500000014, 0.4908906249999999]",[]
-40min-Clipchamp-_mp4-1617_jpg.rf.e5d7736d3550c03a56af1017d44b223f.jpg,漏检,2,[],"[0.5182343750000001, 0.7584687499999999, 0.23437500000000017, 0.30339062500000014]",[]
-40min-Clipchamp-_mp4-1737_jpg.rf.0746c4b125012f7b7e9761bd205732f9.jpg,漏检,2,[],"[0.24348437500000006, 0.318359375, 0.34635937500000014, 0.2721406249999999]",[]
-40min-Clipchamp-_mp4-1737_jpg.rf.0746c4b125012f7b7e9761bd205732f9.jpg,漏检,2,[],"[0.537109375, 0.548828125, 0.41276562500000014, 0.1549531250000001]",[]
-40min-Clipchamp-_mp4-1737_jpg.rf.0746c4b125012f7b7e9761bd205732f9.jpg,漏检,2,[],"[0.7265625, 0.1875, 0.490625, 0.375]",[]
-40min-Clipchamp-_mp4-1740_jpg.rf.b7ab47a4b7263e54e34c6c7fd54a950e.jpg,漏检,2,[],"[0.1953125, 0.6734375, 0.390625, 0.33125]",[]
-40min-Clipchamp-_mp4-1740_jpg.rf.b7ab47a4b7263e54e34c6c7fd54a950e.jpg,漏检,2,[],"[0.45703125, 0.9375, 0.5578125, 0.125]",[]
-40min-Clipchamp-_mp4-1740_jpg.rf.b7ab47a4b7263e54e34c6c7fd54a950e.jpg,漏检,2,[],"[0.85546875, 0.3421875, 0.2890625, 0.659375]",[]
-40min-Clipchamp-_mp4-1740_jpg.rf.b7ab47a4b7263e54e34c6c7fd54a950e.jpg,漏检,1,[],"[0.6703125, 0.2421875, 0.321875, 0.484375]",[]
-5min-Clipchamp-_mp4-0004_jpg.rf.a8b5ba833b19939548dc700954beeda1.jpg,漏检,2,[],"[0.20234375, 0.61328125, 0.4046875, 0.6015625]",[]
-5min-Clipchamp-_mp4-0004_jpg.rf.a8b5ba833b19939548dc700954beeda1.jpg,漏检,2,[],"[0.6234375, 0.21640625, 0.340625, 0.4328125]",[]
-5min-Clipchamp-_mp4-0004_jpg.rf.a8b5ba833b19939548dc700954beeda1.jpg,漏检,1,[],"[0.58203125, 0.7421875, 0.8359375, 0.46875]",[]
-5min-Clipchamp-_mp4-0005_jpg.rf.22e91f1238ad780c413202cccadd1e66.jpg,漏检,2,[],"[0.1828125, 0.41640625, 0.365625, 0.6421875]",[]
-5min-Clipchamp-_mp4-0005_jpg.rf.22e91f1238ad780c413202cccadd1e66.jpg,漏检,2,[],"[0.587890625, 0.24609375, 0.34245312500000014, 0.3932343749999999]",[]
-5min-Clipchamp-_mp4-0005_jpg.rf.22e91f1238ad780c413202cccadd1e66.jpg,漏检,1,[],"[0.59453125, 0.71875, 0.8109375, 0.471875]",[]
-5min-Clipchamp-_mp4-0072_jpg.rf.0b211aef32b710868d160dd4b247e3b8.jpg,漏检,1,[],"[0.15703125, 0.4453125, 0.3140625, 0.39375]",[]
-5min-Clipchamp-_mp4-0122_jpg.rf.f8062be8581b8183bed416756c5aa2d4.jpg,漏检,1,[],"[0.09375, 0.6, 0.1875, 0.76875]",[]
-5min-Clipchamp-_mp4-0260_jpg.rf.3781be543ecba1456301e7276eaca21b.jpg,漏检,1,[],"[0.54375, 0.56484375, 0.9125, 0.8703125]",[]
-5min-Clipchamp-_mp4-0333_jpg.rf.88a8496cb9f7a0c5e8489fc7878f83ec.jpg,漏检,1,[],"[0.52734375, 0.5, 0.6765625, 1.0]",[]
-5min-Clipchamp-_mp4-0511_jpg.rf.cda3543242ccb54d8c35e5f166deff75.jpg,漏检,2,[79],"[0.153125, 0.77734375, 0.30625, 0.4453125]","[[0.534331, 0.7201973, 0.48074493, 0.5576504]]"
-5min-Clipchamp-_mp4-0511_jpg.rf.cda3543242ccb54d8c35e5f166deff75.jpg,漏检,1,[79],"[0.84453125, 0.59765625, 0.3109375, 0.5265625]","[[0.534331, 0.7201973, 0.48074493, 0.5576504]]"
-5min-Clipchamp-_mp4-0511_jpg.rf.cda3543242ccb54d8c35e5f166deff75.jpg,漏检,2,[79],"[0.8509062499999999, 0.7708281250000001, 0.26953125, 0.25]","[[0.534331, 0.7201973, 0.48074493, 0.5576504]]"
-5min-Clipchamp-_mp4-0511_jpg.rf.cda3543242ccb54d8c35e5f166deff75.jpg,漏检,0,[79],"[0.63125, 0.203125, 0.7375, 0.3875]","[[0.534331, 0.7201973, 0.48074493, 0.5576504]]"
-5min-Clipchamp-_mp4-0511_jpg.rf.cda3543242ccb54d8c35e5f166deff75.jpg,漏检,1,[79],"[0.15625, 0.265625, 0.3125, 0.53125]","[[0.534331, 0.7201973, 0.48074493, 0.5576504]]"
-5min-Clipchamp-_mp4-0660_jpg.rf.e58f2b16915af071fa9f66dc31b80a5f.jpg,漏检,2,[],"[0.1453125, 0.571875, 0.290625, 0.85625]",[]
-5min-Clipchamp-_mp4-0660_jpg.rf.e58f2b16915af071fa9f66dc31b80a5f.jpg,漏检,2,[],"[0.72578125, 0.68984375, 0.5484375, 0.6203125]",[]
-5min-Clipchamp-_mp4-0660_jpg.rf.e58f2b16915af071fa9f66dc31b80a5f.jpg,漏检,0,[],"[0.51796875, 0.15703125, 0.9640625, 0.3140625]",[]
-5min-Clipchamp-_mp4-0660_jpg.rf.e58f2b16915af071fa9f66dc31b80a5f.jpg,漏检,1,[],"[0.81875, 0.54296875, 0.3625, 0.5390625]",[]
-5min-Clipchamp-_mp4-8491_jpg.rf.77c57c4ec0fe6a9a0b7635a98ff85d02.jpg,漏检,2,[27],"[0.693359375, 0.193359375, 0.28515625, 0.3658906249999999]","[[0.32772928, 0.52697855, 0.48228636, 0.9407672]]"
-5min-Clipchamp-_mp4-8491_jpg.rf.77c57c4ec0fe6a9a0b7635a98ff85d02.jpg,漏检,1,[27],"[0.078125, 0.25390625, 0.15625, 0.5078125]","[[0.32772928, 0.52697855, 0.48228636, 0.9407672]]"
-5min-Clipchamp-_mp4-8491_jpg.rf.77c57c4ec0fe6a9a0b7635a98ff85d02.jpg,漏检,1,[27],"[0.34375, 0.05078125, 0.4, 0.1015625]","[[0.32772928, 0.52697855, 0.48228636, 0.9407672]]"
-5min-Clipchamp-_mp4-8491_jpg.rf.77c57c4ec0fe6a9a0b7635a98ff85d02.jpg,漏检,1,[27],"[0.49153125000000025, 0.310546875, 0.2591093750000001, 0.41276562500000014]","[[0.32772928, 0.52697855, 0.48228636, 0.9407672]]"
-5min-Clipchamp-_mp4-8610_jpg.rf.5c347dac37d776960b66c6074606eb4b.jpg,漏检,2,[],"[0.75625, 0.46171875, 0.4875, 0.8421875]",[]
-5min-Clipchamp-_mp4-8610_jpg.rf.5c347dac37d776960b66c6074606eb4b.jpg,漏检,1,[],"[0.2375, 0.184375, 0.475, 0.36875]",[]
-5min-Clipchamp-_mp4-8700_jpg.rf.8b28e85a3116c3c74a1d6ed9413ec3f8.jpg,漏检,2,[],"[0.6328125, 0.268234375, 0.1770781249999999, 0.23957812500000006]",[]
-5min-Clipchamp-_mp4-8700_jpg.rf.8b28e85a3116c3c74a1d6ed9413ec3f8.jpg,漏检,2,[],"[0.88046875, 0.19765625, 0.2390625, 0.3953125]",[]
-5min-Clipchamp-_mp4-8700_jpg.rf.8b28e85a3116c3c74a1d6ed9413ec3f8.jpg,漏检,2,[],"[0.7662812500000001, 0.8287812499999999, 0.23046875, 0.10026562500000011]",[]
-5min-Clipchamp-_mp4-8700_jpg.rf.8b28e85a3116c3c74a1d6ed9413ec3f8.jpg,漏检,1,[],"[0.48567187499999986, 0.26171875, 0.27343749999999983, 0.42448437500000014]",[]
-5min-Clipchamp-_mp4-8700_jpg.rf.8b28e85a3116c3c74a1d6ed9413ec3f8.jpg,漏检,1,[],"[0.7859375, 0.5828125, 0.428125, 0.4125]",[]
-5min-Clipchamp-_mp4-8700_jpg.rf.8b28e85a3116c3c74a1d6ed9413ec3f8.jpg,漏检,1,[],"[0.1453125, 0.23671875, 0.290625, 0.4609375]",[]
-5min-Clipchamp-_mp4-9690_jpg.rf.47964e51eeac4599a62ce75d3238a0e1.jpg,漏检,2,[],"[0.24765625, 0.5, 0.4953125, 1.0]",[]
-5min-Clipchamp-_mp4-9690_jpg.rf.47964e51eeac4599a62ce75d3238a0e1.jpg,漏检,2,[],"[0.8875, 0.55859375, 0.225, 0.2859375]",[]
-5min-Clipchamp-_mp4-9690_jpg.rf.47964e51eeac4599a62ce75d3238a0e1.jpg,漏检,1,[],"[0.553125, 0.334375, 0.18125, 0.66875]",[]
-5min-Clipchamp-_mp4-9690_jpg.rf.47964e51eeac4599a62ce75d3238a0e1.jpg,漏检,1,[],"[0.834375, 0.21875, 0.33125, 0.378125]",[]
-8min-Clipchamp-_mp4-0140_jpg.rf.c1ce4932758becc0c16fd647ebe31906.jpg,漏检,1,[27],"[0.81875, 0.66015625, 0.3625, 0.6796875]","[[0.3679875, 0.7256141, 0.32777295, 0.5459814]]"
-8min-Clipchamp-_mp4-0155_jpg.rf.54c885b2cf49b2708839a3f2e50efb1a.jpg,漏检,1,[],"[0.7546875, 0.58984375, 0.490625, 0.6671875]",[]
-8min-Clipchamp-_mp4-0155_jpg.rf.54c885b2cf49b2708839a3f2e50efb1a.jpg,漏检,1,[],"[0.15234375, 0.53125, 0.3046875, 0.515625]",[]
-8min-Clipchamp-_mp4-0163_jpg.rf.c346a671e77cf76303103dcb27bc24e7.jpg,漏检,1,[],"[0.12109375, 0.57265625, 0.2421875, 0.5515625]",[]
-8min-Clipchamp-_mp4-0163_jpg.rf.c346a671e77cf76303103dcb27bc24e7.jpg,漏检,1,[],"[0.7018281250000001, 0.5670624999999999, 0.4921875, 0.5143281250000001]",[]
-8min-Clipchamp-_mp4-0198_jpg.rf.e4f6ae48ffc98a954aa1a2db7b8bbd51.jpg,漏检,1,[],"[0.725, 0.434375, 0.55, 0.86875]",[]
-8min-Clipchamp-_mp4-0649_jpg.rf.67fd17d1988482da91fff97290a165a0.jpg,漏检,1,[],"[0.55703125, 0.084375, 0.2578125, 0.16875]",[]
-8min-Clipchamp-_mp4-0649_jpg.rf.67fd17d1988482da91fff97290a165a0.jpg,漏检,1,[],"[0.06796875, 0.26328125, 0.1359375, 0.3703125]",[]
-Clipchamp-_mp4-0016_jpg.rf.55a4fb359fd6aaf4ee58f4a40b3c416e.jpg,漏检,2,[],"[0.7390625, 0.28203125, 0.4125, 0.5640625]",[]
-Clipchamp-_mp4-0016_jpg.rf.55a4fb359fd6aaf4ee58f4a40b3c416e.jpg,漏检,2,[],"[0.08515625, 0.27734375, 0.1703125, 0.5046875]",[]
-Clipchamp-_mp4-0016_jpg.rf.55a4fb359fd6aaf4ee58f4a40b3c416e.jpg,漏检,2,[],"[0.36171875, 0.21015625, 0.2609375, 0.4203125]",[]
-Clipchamp-_mp4-0016_jpg.rf.55a4fb359fd6aaf4ee58f4a40b3c416e.jpg,漏检,2,[],"[0.3229218749999999, 0.6653593750000001, 0.31770312499999986, 0.1692656249999999]",[]
-Clipchamp-_mp4-0016_jpg.rf.55a4fb359fd6aaf4ee58f4a40b3c416e.jpg,漏检,1,[],"[0.63515625, 0.8484375, 0.7296875, 0.303125]",[]
-Clipchamp-_mp4-0033_jpg.rf.f6984f9739bfd2a7412c113498dfec0d.jpg,漏检,2,[],"[0.3515625, 0.12890625, 0.578125, 0.2578125]",[]
-Clipchamp-_mp4-0033_jpg.rf.f6984f9739bfd2a7412c113498dfec0d.jpg,漏检,2,[],"[0.06640625, 0.41484375, 0.1328125, 0.2328125]",[]
-Clipchamp-_mp4-0033_jpg.rf.f6984f9739bfd2a7412c113498dfec0d.jpg,漏检,2,[],"[0.8328125, 0.225, 0.334375, 0.284375]",[]
-Clipchamp-_mp4-0033_jpg.rf.f6984f9739bfd2a7412c113498dfec0d.jpg,漏检,2,[],"[0.96328125, 0.596875, 0.0734375, 0.24375]",[]
-Clipchamp-_mp4-0033_jpg.rf.f6984f9739bfd2a7412c113498dfec0d.jpg,漏检,1,[],"[0.669921875, 0.22004687499999998, 0.38671875, 0.3828125]",[]
-Clipchamp-_mp4-0035_jpg.rf.4ca32abdcf2ab9028f53e856406455d3.jpg,漏检,2,[],"[0.359375, 0.08671875, 0.490625, 0.1734375]",[]
-Clipchamp-_mp4-0035_jpg.rf.4ca32abdcf2ab9028f53e856406455d3.jpg,漏检,2,[],"[0.09609375, 0.4046875, 0.1921875, 0.23125]",[]
-Clipchamp-_mp4-0035_jpg.rf.4ca32abdcf2ab9028f53e856406455d3.jpg,漏检,1,[],"[0.78828125, 0.3296875, 0.4234375, 0.659375]",[]
-Clipchamp-_mp4-0035_jpg.rf.4ca32abdcf2ab9028f53e856406455d3.jpg,漏检,2,[],"[0.91875, 0.2078125, 0.1625, 0.303125]",[]
-Clipchamp-_mp4-0035_jpg.rf.4ca32abdcf2ab9028f53e856406455d3.jpg,漏检,2,[],"[0.7395781249999999, 0.4173125, 0.2161406249999999, 0.14973437500000006]",[]
-Clipchamp-_mp4-0035_jpg.rf.4ca32abdcf2ab9028f53e856406455d3.jpg,漏检,1,[],"[0.45703125, 0.1234375, 0.2734375, 0.246875]",[]
-Clipchamp-_mp4-0047_jpg.rf.c14d2d62a67aff72d1cd3b66fc1f0b84.jpg,漏检,2,[],"[0.5046875, 0.06953125, 0.69375, 0.1390625]",[]
-Clipchamp-_mp4-0047_jpg.rf.c14d2d62a67aff72d1cd3b66fc1f0b84.jpg,漏检,2,[],"[0.94765625, 0.58125, 0.1046875, 0.2375]",[]
-Clipchamp-_mp4-0047_jpg.rf.c14d2d62a67aff72d1cd3b66fc1f0b84.jpg,漏检,2,[],"[0.8421875, 0.2734375, 0.315625, 0.21875]",[]
-Clipchamp-_mp4-0047_jpg.rf.c14d2d62a67aff72d1cd3b66fc1f0b84.jpg,漏检,2,[],"[0.40625, 0.22590624999999998, 0.25, 0.16015625]",[]
-Clipchamp-_mp4-0047_jpg.rf.c14d2d62a67aff72d1cd3b66fc1f0b84.jpg,漏检,1,[],"[0.7155000000000001, 0.20832812499999998, 0.2487031250000001, 0.4010468749999999]",[]
-Clipchamp-_mp4-0168_jpg.rf.30b931cd8d1d2e35c700bfb4ea2ab50e.jpg,漏检,0,[],"[0.23671875, 0.3171875, 0.4734375, 0.634375]",[]
-Clipchamp-_mp4-0168_jpg.rf.30b931cd8d1d2e35c700bfb4ea2ab50e.jpg,漏检,2,[],"[0.22421875, 0.34375, 0.4484375, 0.271875]",[]
-Clipchamp-_mp4-0168_jpg.rf.30b931cd8d1d2e35c700bfb4ea2ab50e.jpg,漏检,2,[],"[0.3140625, 0.0765625, 0.321875, 0.153125]",[]
-Clipchamp-_mp4-0168_jpg.rf.30b931cd8d1d2e35c700bfb4ea2ab50e.jpg,漏检,2,[],"[0.7859375, 0.06484375, 0.428125, 0.1296875]",[]
-Clipchamp-_mp4-0206_jpg.rf.74a446f3eaa36ae51a425b6db137a64a.jpg,漏检,1,[],"[0.4453125, 0.5, 0.890625, 1.0]",[]
-Clipchamp-_mp4-0213_jpg.rf.227a51758db2855662a32b8ddd645b17.jpg,漏检,1,[],"[0.5, 0.42734375, 1.0, 0.8546875]",[]
-Clipchamp-_mp4-0213_jpg.rf.227a51758db2855662a32b8ddd645b17.jpg,漏检,2,[],"[0.12421875, 0.428125, 0.2484375, 0.534375]",[]
-Clipchamp-_mp4-0213_jpg.rf.227a51758db2855662a32b8ddd645b17.jpg,漏检,2,[],"[0.27890625, 0.85625, 0.5578125, 0.2875]",[]
-Clipchamp-_mp4-0218_jpg.rf.1613bb22a39909e60bad9ef0bde07914.jpg,漏检,1,[],"[0.4921875, 0.60859375, 0.4375, 0.7828125]",[]
-Clipchamp-_mp4-0298_jpg.rf.6936eae2ad7a523ead779c2997d977ff.jpg,漏检,1,[],"[0.2828125, 0.66171875, 0.565625, 0.6703125]",[]
-Clipchamp-_mp4-0298_jpg.rf.6936eae2ad7a523ead779c2997d977ff.jpg,漏检,2,[],"[0.87109375, 0.2671875, 0.2578125, 0.425]",[]
-Clipchamp-_mp4-0298_jpg.rf.6936eae2ad7a523ead779c2997d977ff.jpg,漏检,2,[],"[0.44465624999999986, 0.5221406249999999, 0.6289062499999998, 0.40885937500000014]",[]
-Clipchamp-_mp4-0298_jpg.rf.6936eae2ad7a523ead779c2997d977ff.jpg,漏检,2,[],"[0.47917187500000014, 0.8782500000000001, 0.34375000000000017, 0.23046875]",[]
-Clipchamp-_mp4-0301_jpg.rf.527a44ab8c51a77ccc01d47349d57ff2.jpg,漏检,2,[],"[0.6546875, 0.16953125, 0.48125, 0.3390625]",[]
-Clipchamp-_mp4-0301_jpg.rf.527a44ab8c51a77ccc01d47349d57ff2.jpg,漏检,2,[],"[0.26484375, 0.64921875, 0.5296875, 0.5453125]",[]
-Clipchamp-_mp4-0301_jpg.rf.527a44ab8c51a77ccc01d47349d57ff2.jpg,漏检,1,[],"[0.559375, 0.7953125, 0.88125, 0.409375]",[]
-Clipchamp-_mp4-0415_jpg.rf.7bbd91a3efead03f284f60860cd1af18.jpg,漏检,2,[],"[0.50625, 0.459375, 0.9875, 0.878125]",[]
-Clipchamp-_mp4-0415_jpg.rf.7bbd91a3efead03f284f60860cd1af18.jpg,漏检,1,[],"[0.23359375, 0.7546875, 0.4671875, 0.490625]",[]
-Clipchamp-_mp4-0521_jpg.rf.6dcc442c440f74ad3ab022f994c86d38.jpg,漏检,2,[],"[0.95703125, 0.33046875, 0.0859375, 0.3828125]",[]
-Clipchamp-_mp4-0521_jpg.rf.6dcc442c440f74ad3ab022f994c86d38.jpg,漏检,1,[],"[0.3890625, 0.15, 0.48125, 0.3]",[]
-Clipchamp-_mp4-0590_jpg.rf.1e0938c0c7ac328d2c285e2f184992ed.jpg,漏检,2,[],"[0.496875, 0.5, 0.99375, 1.0]",[]
-_mp4-0029_jpg.rf.29d68b0c52e1aac947cf7ae240b65333.jpg,漏检,2,[],"[0.2640625, 0.5, 0.528125, 1.0]",[]
-_mp4-0029_jpg.rf.29d68b0c52e1aac947cf7ae240b65333.jpg,漏检,2,[],"[0.67578125, 0.2640625, 0.2578125, 0.528125]",[]
-_mp4-0029_jpg.rf.29d68b0c52e1aac947cf7ae240b65333.jpg,漏检,2,[],"[0.771875, 0.765625, 0.45625, 0.46875]",[]
-_mp4-0029_jpg.rf.29d68b0c52e1aac947cf7ae240b65333.jpg,漏检,1,[],"[0.1453125, 0.459375, 0.290625, 0.840625]",[]
-_mp4-0138_jpg.rf.29375ac58c67110642016d06a3e2addb.jpg,漏检,1,[],"[0.5, 0.78125, 1.0, 0.4375]",[]
-_mp4-0147_jpg.rf.bb3c8454792196e96e0f243d9f99ef57.jpg,漏检,1,[],"[0.49140625, 0.9375, 0.8421875, 0.125]",[]
-_mp4-0256_jpg.rf.ef7fe7485bead58309410a26302879fb.jpg,漏检,1,[],"[0.7625, 0.17871874999999998, 0.4609375, 0.310546875]",[]
-_mp4-0301_jpg.rf.1b3b722628b83904918ebc65574b0f12.jpg,漏检,1,[],"[0.734375, 0.25625, 0.53125, 0.334375]",[]
1-202407290001002_jpg.rf.e9bfd96405fd6f588a3cd16c59d44d25.jpg,误检,0,[0],"[0.34871875, 0.3948125, 0.171875, 0.247859375]","[[0.5024215, 0.49095568, 0.91311496, 0.8778756]]"
1-202407290001002_jpg.rf.e9bfd96405fd6f588a3cd16c59d44d25.jpg,漏检,2,[0],"[0.635296875, 0.6615, 0.31889062500000004, 0.535515625]","[[0.5024215, 0.49095568, 0.91311496, 0.8778756]]"
1-202407290001002_jpg.rf.e9bfd96405fd6f588a3cd16c59d44d25.jpg,漏检,1,[0],"[0.616484375, 0.45695312499999996, 0.2897656249999999, 0.4502812499999999]","[[0.5024215, 0.49095568, 0.91311496, 0.8778756]]"
1-202407290001002_jpg.rf.e9bfd96405fd6f588a3cd16c59d44d25.jpg,漏检,1,[0],"[0.263140625, 0.5297656249999999, 0.18820312499999997, 0.5902031249999999]","[[0.5024215, 0.49095568, 0.91311496, 0.8778756]]"
202408290008009_jpg.rf.e18d2bd3d0ea9d1303e0d8cb156da85e.jpg,漏检,1,[],"[0.7625, 0.297265625, 0.35625, 0.47109375]",[]
202408290008009_jpg.rf.e18d2bd3d0ea9d1303e0d8cb156da85e.jpg,漏检,2,[],"[0.767578125, 0.759765625, 0.23515625, 0.19140625]",[]
